1,2,2,1,1,1,308.2898788,40.84051681,78.55471462,43.16639156,47.25923766,59.0850591,45.80617755
2,2,2,1,1,1,307.833736,40.48422638,76.90282202,47.34214343,55.02565326,59.16193851,45.82538442
3,2,2,1,1,1,307.3775932,40.91857209,77.54702101,49.30659254,50.50562183,59.04193931,45.84473004
4,2,2,1,1,1,306.9752484,40.45095335,80.059949,46.88693335,58.70637581,59.03717646,45.81704614
5,2,2,1,1,1,306.8321319,41.23373887,79.13042388,50.49810018,54.04636195,59.16415361,45.81763956
6,2,2,1,1,1,306.5320197,41.10906336,83.39203234,46.9406646,58.66464204,59.08675164,45.83955595
7,2,2,1,1,1,306.4273775,41.5159829,84.00256718,51.04668555,58.96378042,59.00052942,45.82111985
8,2,2,1,1,1,306.0043583,41.27132984,82.95671672,48.60412199,60.83980822,58.94863,45.86561504
9,2,2,1,1,1,305.6275316,40.490259,83.63655306,43.70840054,59.34064705,59.05579361,45.83518128
10,2,2,1,1,1,305.3540754,41.72619525,82.37408824,52.08711431,62.38725133,59.08607111,45.83476145
11,2,2,1,1,1,305.1976036,41.48659372,82.62047135,54.09586106,59.85043384,59.03467021,45.94759566
12,2,2,1,1,1,305.1298732,41.46083488,83.50940592,48.97927726,60.54741024,58.92287107,45.85752254
13,2,2,1,1,1,304.7710844,40.42433981,85.66937794,52.33782053,61.72835969,59.04561483,45.88366349
14,2,2,1,1,1,304.2877791,40.50476577,84.94484277,55.16628447,62.0326462,58.85991101,45.91672206
15,2,2,1,1,1,304.2291952,41.39614713,88.65057425,49.0049704,57.68264761,59.01502304,45.91607026
16,2,2,1,1,1,303.7649245,42.08726059,87.46029404,54.53032871,69.09845517,58.98663649,45.9199946
17,2,2,1,1,1,303.3753031,42.87469042,88.17564774,57.1050217,59.05877566,58.95741663,45.86485764
18,2,2,1,1,1,303.3683474,39.99023955,90.02343237,52.95789828,63.41147368,58.84694333,45.98193296
19,2,2,1,1,1,303.0956054,42.70558327,87.72808043,57.10812769,61.08529383,59.01194209,45.97617036
20,2,2,1,1,1,302.6813884,40.88429156,89.66963092,53.76113617,60.79362033,58.81630375,45.92080574
21,2,2,1,1,1,302.1964911,40.44102067,88.32995171,52.15918481,68.38603013,58.89019213,45.97015079
22,2,2,1,1,1,302.0742894,42.33501528,89.60860107,61.01607512,63.06003939,58.85780764,45.96742816
23,2,2,1,1,1,302.0666196,41.51596648,93.72420066,56.67467311,69.38035535,58.82622731,45.9972064
24,2,2,1,1,1,301.9805614,41.59282223,94.5375794,58.3298091,74.28305631,58.78560602,45.95497307
25,2,2,1,1,1,301.5731622,41.51096013,96.55791787,58.51641023,66.29293465,58.9088747,46.00290651
26,2,2,1,1,1,301.3628983,41.93102036,93.55442514,57.64580639,67.64515335,58.8282938,45.95519563
27,2,2,1,1,1,300.9608802,42.232812,96.63610435,62.19025321,70.95334537,58.89672972,45.92725405
28,2,2,1,1,1,300.4729143,41.18664836,94.59973297,58.68301042,74.05827679,58.66167729,45.96285498
29,2,2,1,1,1,300.4365268,43.83011576,97.88811204,60.61653153,75.26937218,58.79419745,46.08073681
30,2,2,1,1,1,300.3715821,40.69555063,95.67248974,64.33683163,74.87175437,58.83229933,45.97519843
31,2,2,1,1,1,300.1869903,40.84450665,96.98733285,67.68257946,68.50914363,58.68404393,46.02134567
32,2,2,1,1,1,300.0782564,42.69870423,100.7936137,61.40539716,77.31789423,58.77037679,46.04992931
33,2,2,1,1,1,299.8205677,41.07749961,98.10394676,62.87141143,78.01400107,58.60691067,45.99592217
34,2,2,1,1,1,299.4595744,45.41681996,101.5377561,62.48973007,74.41122881,58.62685746,46.04821753
35,2,2,1,1,1,298.9997834,44.26782869,104.428863,66.16259139,75.69103709,58.58900281,46.04861886
36,2,2,1,1,1,298.9885158,41.37911301,105.3707421,70.78323231,80.31071579,58.58030033,46.04465439
37,2,2,1,1,1,298.7997214,45.30573555,103.6020847,67.63395775,78.62808627,58.66189867,46.05458684
38,2,2,1,1,1,298.4070415,44.89159866,104.3869785,67.99048903,83.9710189,58.70024902,46.14257671
39,2,2,1,1,1,298.0196563,40.65687955,106.748408,66.50938645,86.78303473,58.54626762,46.13172068
40,2,2,1,1,1,297.8124752,42.90707432,106.8073654,72.40931112,81.91695969,58.62271804,46.11326045
41,1,2,1,1,1,308.2705663,45.46106943,78.29331063,43.78669864,48.32915461,59.17499154,45.87909428
42,1,2,1,1,1,307.8161923,45.08525152,78.49505333,43.65262349,51.4424413,59.16735793,45.82827516
43,1,2,1,1,1,307.3618182,45.26179296,80.25111233,43.47119414,53.26707055,59.12537356,45.86915286
44,1,2,1,1,1,307.1537379,45.86545502,79.07601804,45.93589108,58.42051316,59.11480091,45.86344588
45,1,2,1,1,1,306.9943076,45.61937368,80.9530371,49.61220585,59.31898242,59.0970578,45.83295442
46,1,2,1,1,1,306.7937024,45.25459693,82.35559998,50.37186251,57.19774088,59.15423248,45.85235511
47,1,2,1,1,1,306.6280217,45.49422966,83.22880203,51.56036948,52.53288478,59.04793381,45.91764587
48,1,2,1,1,1,306.2327583,46.99470361,85.5351084,53.17850563,63.86143787,59.04497445,45.87135222
49,1,2,1,1,1,306.2281381,46.83658925,85.61756805,49.13387466,59.97273497,59.03701131,45.93199392
50,1,2,1,1,1,305.866147,46.11918029,85.53087871,52.13134804,54.44195253,58.88681088,45.87207636
51,1,2,1,1,1,305.3972768,45.22311233,87.75630553,52.01434909,60.66737704,59.05411719,45.93401071
52,1,2,1,1,1,305.3607765,46.39245457,89.7121496,57.32826497,65.20054883,58.97172938,45.94277877
53,1,2,1,1,1,305.0503778,45.68509017,86.51052897,52.59797225,62.70296136,58.90727275,45.89754923
54,1,2,1,1,1,304.6230742,45.20030141,89.82829622,54.66240114,67.82974837,59.01303752,45.91973771
55,1,2,1,1,1,304.1922951,47.99860033,90.52375429,49.30043972,67.08245542,58.99858328,45.97345335
56,1,2,1,1,1,304.1327756,47.01835973,87.80181787,60.62581306,65.83628167,58.99583101,45.92415777
57,1,2,1,1,1,303.9285864,48.67833425,88.99127059,60.97501812,72.34776924,58.90322174,45.98359818
58,1,2,1,1,1,303.9231799,46.54078969,90.60034785,52.31974633,64.45820843,58.81583815,45.92702793
59,1,2,1,1,1,303.4367505,48.15429659,93.95435636,61.81231934,65.96075086,58.88393759,46.00122016
60,1,2,1,1,1,303.0072214,48.76647821,92.90351642,59.54964897,66.6478835,58.78690942,45.97529246
61,1,2,1,1,1,302.7244621,47.82468403,95.33539231,53.90102914,68.72741199,58.78293629,45.97385239
62,1,2,1,1,1,302.5420628,47.78189119,94.43035748,59.94113864,74.46245728,58.80764241,45.97103817
63,1,2,1,1,1,302.31443,46.7266056,94.2191745,64.86175244,66.30861966,58.83738514,46.03857261
64,1,2,1,1,1,302.0945663,47.03185992,95.5303199,65.42183517,75.28025066,58.81762533,46.05932649
65,1,2,1,1,1,302.0828651,46.49764463,95.92542177,65.96032292,73.96831514,58.81814754,46.02295269
66,1,2,1,1,1,302.0687204,49.51166094,95.90213272,62.21655169,76.0708738,58.74525373,46.06638765
67,1,2,1,1,1,301.8930974,49.62010296,97.15593886,65.51671618,72.06834996,58.7514599,46.00496399
68,1,2,1,1,1,301.714179,50.06455135,97.2913268,60.01742565,72.49867781,58.69159948,46.06254175
69,1,2,1,1,1,301.2357102,48.46102607,98.71395314,67.07574644,78.72331444,58.58601948,46.02637605
70,1,2,1,1,1,301.155473,49.95342459,100.3991052,66.13799478,81.55633892,58.63484749,45.99482453
71,1,2,1,1,1,300.703402,49.47996807,99.47387857,68.76556051,82.74486121,58.56615241,46.09332121
72,1,2,1,1,1,300.4773044,49.16940082,103.1732692,63.31554334,81.41017885,58.61854167,46.09630739
73,1,2,1,1,1,300.4689772,46.30114855,101.6448512,73.56687928,80.98930087,58.5880892,46.06142645
74,1,2,1,1,1,300.3342935,46.00818928,104.6964598,74.09007374,80.28354765,58.60995624,46.05439598
75,1,2,1,1,1,299.905143,48.53347227,104.7395802,64.86516344,77.20734781,58.52964911,46.07845946
76,1,2,1,1,1,299.7180217,48.96047165,107.6375327,75.54617968,87.71394888,58.5517929,46.14661891
77,1,2,1,1,1,299.5855381,48.48895855,106.4141897,75.66414771,90.29568834,58.63923166,46.14109148
78,1,2,1,1,1,299.3742666,48.4668842,106.7395144,76.94462837,87.18142732,58.6086581,46.15042766
79,1,2,1,1,1,299.127921,47.89269735,108.9782484,73.04591787,87.47073861,58.55412322,46.08975265
80,1,2,1,1,1,298.8812887,47.62351857,107.1143467,71.87747708,86.71261034,58.58610396,46.12946927
81,2,1,1,1,1,307.8577435,40.48604549,88.68448247,54.91897648,61.63040656,53.93549282,45.9109685
82,2,1,1,1,1,307.769319,40.1433144,87.27497524,55.84896918,68.74189563,53.90716044,45.93160886
83,2,1,1,1,1,307.6808946,40.22362807,89.60471894,52.17970644,69.30783405,53.93621606,45.94016457
84,2,1,1,1,1,307.220074,40.32688285,89.59898684,57.67013006,71.17363391,53.85802744,45.93301979
85,2,1,1,1,1,306.7881237,41.76093492,93.26320394,59.88513992,71.13220211,53.7739965,45.95086404
86,2,1,1,1,1,306.6786854,40.40056079,91.19256108,54.61347682,70.1909727,53.88241222,45.92386497
87,2,1,1,1,1,306.4092965,41.03769133,92.42624803,57.16853101,69.37931757,53.76390668,45.9135641
88,2,1,1,1,1,306.0601482,40.27284784,94.82731981,62.32216743,75.62782184,53.81237572,45.98368353
89,2,1,1,1,1,305.6765199,41.92570635,93.68719033,65.54751709,66.58557018,53.78300981,46.01084567
90,2,1,1,1,1,305.5826671,41.87636075,94.95319161,58.49837556,77.76432731,53.69381887,46.01757749
91,2,1,1,1,1,305.1771173,41.75026186,96.90169606,61.05393166,69.14738644,53.64851745,46.03911604
92,2,1,1,1,1,304.7293329,41.18627552,96.13213017,57.69758344,74.11811441,53.69052235,45.97902597
93,2,1,1,1,1,304.6045948,42.73225349,98.40115824,57.95440391,71.67979511,53.65786673,46.06351945
94,2,1,1,1,1,304.1587473,41.6820583,97.24404886,67.67563535,73.11756665,53.58153861,46.09333301
95,2,1,1,1,1,304.1021257,42.92636821,101.2377964,61.11527042,73.42677933,53.7341588,46.03611576
96,2,1,1,1,1,303.7970518,39.90321456,101.3140877,66.40202603,72.60434712,53.71350557,46.02633825
97,2,1,1,1,1,303.431249,40.60649691,103.1701847,68.61992248,83.11286512,53.66943165,46.10524351
98,2,1,1,1,1,303.2071229,43.50096873,100.3466209,67.99345779,77.20328976,53.51035777,46.01135105
99,2,1,1,1,1,302.8420832,41.46846862,103.8683797,69.02895404,81.35062768,53.48638822,46.08061033
100,2,1,1,1,1,302.3441354,39.87901657,105.0432701,64.95895614,82.42373669,53.57034752,46.13208578
101,2,1,1,1,1,302.164371,40.40925179,107.4244623,73.17592608,81.32441839,53.40586122,46.09470826
102,2,1,1,1,1,302.0774826,44.29076272,108.3211542,71.89817883,87.07414066,53.5750907,46.09999073
103,2,1,1,1,1,301.6433222,44.43109426,104.9989395,73.36524314,85.73089388,53.47122865,46.11922356
104,2,1,1,1,1,301.6132782,43.08514647,110.2571427,72.16133797,87.94944767,53.53890689,46.12828548
105,2,1,1,1,1,301.1759193,44.24480945,107.6806551,75.86864718,89.921139,53.41747917,46.07170554
106,2,1,1,1,1,301.08527,44.62427358,109.5567282,68.49814264,92.31019723,53.43705911,46.20839802
107,2,1,1,1,1,300.8078955,43.37417485,111.2430039,70.22016443,85.81074516,53.48287415,46.16880239
108,2,1,1,1,1,300.3667363,42.59701853,111.5217258,77.60190852,87.17747718,53.4197067,46.14494515
109,2,1,1,1,1,300.1057058,42.86409882,110.2901609,74.62370797,88.35261266,53.46612686,46.10488318
110,2,1,1,1,1,299.7401496,45.4742118,109.1259414,76.51284939,89.95557284,53.49174404,46.15268656
111,2,1,1,1,1,299.5069572,45.24719315,113.8857502,70.42805516,83.29938117,53.40791106,46.16076256
112,2,1,1,1,1,299.1339015,44.64169339,112.2784665,73.55665007,86.41012674,53.40259995,46.13450743
113,2,1,1,1,1,298.6837014,43.12530512,114.4086436,77.85599464,90.57033741,53.3833398,46.13126868
114,2,1,1,1,1,298.2681699,40.40157758,113.1603916,83.60291326,87.26616937,53.56500596,46.13438344
115,2,1,1,1,1,297.871246,41.54309717,115.0761175,84.62202392,91.84012624,53.31820664,46.19615568
116,2,1,1,1,1,297.6181565,41.4261797,116.9496351,74.16044081,97.38403822,53.34311609,46.22668993
117,2,1,1,1,1,297.4897762,41.64314009,116.3706052,80.93406537,88.6468517,53.44646033,46.22830165
118,2,1,1,1,1,297.1844291,40.54205902,118.699553,81.81833411,96.09831735,53.40001392,46.23010619
119,2,1,1,1,1,297.050082,41.65403435,115.7213403,86.3325639,96.44405535,53.17629268,46.19548252
120,2,1,1,1,1,297.002543,44.92597065,120.6429672,86.42871176,104.6988203,53.33543122,46.29485881
121,2,2,2,1,1,269.6263849,41.00683547,96.96318592,63.24152014,69.36762398,45.69109568,46.03032463
122,2,2,2,1,1,269.5761496,40.46815243,93.55116883,57.63907447,68.73530918,45.73592164,46.05144542
123,2,2,2,1,1,269.5259144,40.35963397,97.52109293,59.28720676,77.73495492,45.54314475,46.04205965
124,2,2,2,1,1,268.9835328,40.99190386,101.0700008,64.68913276,72.75548264,45.63211331,46.07215387
125,2,2,2,1,1,268.3278077,41.01684352,100.2801547,62.97100249,76.82406846,45.61762271,46.06251109
126,2,2,2,1,1,267.4934779,41.03504825,99.49871376,68.17189746,76.94887283,45.5624765,46.00915925
127,2,2,2,1,1,267.2759633,40.18797138,103.154526,72.01582717,77.39960424,45.57185356,46.08076894
128,2,2,2,1,1,266.9649979,41.79715342,103.4920773,63.45130552,72.77830535,45.54690146,46.06460915
129,2,2,2,1,1,266.2376301,42.19984883,100.252431,65.81316106,75.67615476,45.51478093,46.11929534
130,2,2,2,1,1,265.9172312,40.62453899,103.9616252,69.96094079,84.51383121,45.75897584,46.13377666
131,2,2,2,1,1,265.5079985,39.92663681,105.3029982,65.96599272,77.07172584,45.61316283,46.08328791
132,2,2,2,1,1,265.1750465,42.19664296,104.0141078,67.66548359,80.51355845,45.61370564,46.09239338
133,2,2,2,1,1,264.2110092,41.34233055,104.9309891,63.70878529,85.27993425,45.53201006,46.13182205
134,2,2,2,1,1,263.2885758,41.66958062,106.3598952,74.93694791,85.04906749,45.34888135,46.08081205
135,2,2,2,1,1,262.4742497,40.52751838,106.8406812,76.11346355,84.62596644,45.3848039,46.10554555
136,2,2,2,1,1,262.1197883,41.68433479,107.6849267,79.5117851,88.7290316,45.53453614,46.09485829
137,2,2,2,1,1,261.2540056,42.4830337,111.0311711,79.89425685,84.10855096,45.26244781,46.10245082
138,2,2,2,1,1,260.8710848,41.08139532,107.4591514,72.04074613,92.03668835,45.43453809,46.16332973
139,2,2,2,1,1,260.7542656,43.26776768,109.3462246,75.65770739,83.65681378,45.49489649,46.10400088
140,2,2,2,1,1,260.1639819,42.6503268,112.4925162,74.84490096,85.32339246,45.36473788,46.202979
141,2,2,2,1,1,259.797022,40.84379346,108.5266634,69.58492933,94.99772902,45.39337925,46.13499293
142,2,2,2,1,1,259.3432201,40.19107383,109.4778684,75.4687499,89.37921461,45.48073148,46.12785283
143,2,2,2,1,1,258.5436676,42.46774174,110.1358584,71.92111179,91.98774608,45.3560001,46.1613945
144,2,2,2,1,1,258.0110724,40.00198339,114.9983036,80.04467271,89.08018139,45.46216468,46.23603194
145,2,2,2,1,1,257.9360634,44.29850935,116.8160016,76.78629469,91.38974913,45.21200489,46.25714589
146,2,2,2,1,1,256.9685031,44.32172753,115.1770667,85.82612894,98.44814326,45.38192362,46.23370963
147,2,2,2,1,1,256.1651905,40.32329917,117.9026248,82.51032923,94.62485817,45.2230302,46.25964697
148,2,2,2,1,1,255.3457392,43.57824535,121.475895,83.06483494,105.0125492,45.30701002,46.21137876
149,2,2,2,1,1,255.3195488,45.57683108,117.897013,80.54021798,98.53531577,45.20437136,46.25690376
150,2,2,2,1,1,254.648318,42.73491772,121.9823563,78.96208243,103.1299862,45.24118768,46.23181039
151,2,2,2,1,1,253.9695447,43.23047528,123.2327564,78.00160015,102.9297537,45.33222487,46.29527641
152,2,2,2,1,1,253.709474,46.08369935,123.6375391,85.72839001,105.4416936,45.15445099,46.26430738
153,2,2,2,1,1,253.2287953,45.53200987,123.5431707,80.38994913,92.93452893,45.19512666,46.28947343
154,2,2,2,1,1,253.2070753,41.44656777,123.6219963,82.96068532,96.31653929,45.22666303,46.31260574
155,2,2,2,1,1,252.4477249,44.41414963,125.4621407,83.19717807,106.5628758,45.01959491,46.33576184
156,2,2,2,1,1,252.0059727,43.0795645,124.4771554,94.69979386,107.7691782,45.15537704,46.26678239
157,2,2,2,1,1,251.856525,44.74552082,127.0050097,81.77831641,99.97977214,44.97474018,46.26583227
158,2,2,2,1,1,251.6384874,42.87821571,128.304688,95.88762478,106.6880333,45.07413876,46.35076618
159,2,2,2,1,1,251.5736233,41.61669811,126.5999064,94.07437292,101.0208271,45.21646378,46.31896278
160,2,2,2,1,1,251.3338677,44.4708685,125.3819589,89.43728512,111.4530575,45.20742936,46.3691316
161,2,2,1,2,1,99.60713882,40.77294024,79.4166611,43.60621454,49.8881803,59.11290574,45.85547037
162,2,2,1,2,1,99.03483674,40.79051991,80.372805,49.70269255,55.49908289,58.97969373,45.85048682
163,2,2,1,2,1,98.69585652,41.42147983,80.40144623,50.89508121,58.96645223,59.08036234,45.88191812
164,2,2,1,2,1,98.40667839,41.47100672,82.12426858,44.5940751,52.46761127,59.02065159,45.82822054
165,2,2,1,2,1,98.30684937,40.30220461,82.29518822,45.35736168,60.39871658,59.02445027,45.81674271
166,2,2,1,2,1,98.54891266,40.03582999,81.71235151,45.54624704,55.42739395,59.09732896,45.94168645
167,2,2,1,2,1,98.41750347,41.22354868,86.82015441,51.66404819,56.02231756,58.9563873,45.91919233
168,2,2,1,2,1,98.84673859,40.99607636,86.7456392,48.40863013,67.5663468,58.86936765,45.9374634
169,2,2,1,2,1,99.25981425,40.52064277,87.42102587,52.91121919,61.94136745,58.9077758,45.91215508
170,2,2,1,2,1,99.24436396,41.42861778,88.73208063,50.10074222,62.24042192,58.91300762,45.86616094
171,2,2,1,2,1,98.46819653,42.19552991,85.2257707,52.05865582,60.62876833,58.90143581,45.89475155
172,2,2,1,2,1,98.86022393,42.51113781,88.43336253,53.8823521,66.33563509,59.04439073,45.9107372
173,2,2,1,2,1,99.5677139,41.46617649,89.01996116,51.30139154,60.81899381,58.89272447,45.8785181
174,2,2,1,2,1,99.44763898,40.47155775,91.47267819,56.09699585,68.67178076,58.92637209,45.96030512
175,2,2,1,2,1,99.29470237,42.59206347,89.24260026,52.10554335,73.44961041,58.98796716,45.94229469
176,2,2,1,2,1,98.85925719,40.72721948,91.49440297,51.74055237,66.29894816,58.90835337,45.96382225
177,2,2,1,2,1,98.52873802,42.14036067,93.3236351,56.23399415,66.43785663,58.77987462,46.01046678
178,2,2,1,2,1,99.05773457,43.47791105,92.65990563,55.4783874,71.47219111,58.87012893,45.92063643
179,2,2,1,2,1,99.33428876,40.06204475,93.28902574,62.21028496,75.19645098,58.78724283,45.94130048
180,2,2,1,2,1,99.41195408,43.39000418,92.70463269,61.11234043,67.73300739,58.88256133,45.96679855
181,2,2,1,2,1,98.66569811,44.35544697,96.85539526,54.13391742,75.39877541,58.83314209,46.06891207
182,2,2,1,2,1,98.17439437,40.31920499,97.20303324,61.6120519,70.1162254,58.87059372,46.01054632
183,2,2,1,2,1,98.05950002,42.88693616,97.74017635,60.28841824,72.54875896,58.80268495,46.04575529
184,2,2,1,2,1,98.34024813,41.6898931,96.78411728,60.65470464,71.34686113,58.66536757,46.0002319
185,2,2,1,2,1,97.7648741,42.23701465,98.99297381,63.7917361,75.40474187,58.78739291,46.0375609
186,2,2,1,2,1,97.84179983,43.70094638,99.51876901,65.14763233,80.47718762,58.77109828,45.98709642
187,2,2,1,2,1,97.49055036,40.41415221,101.6229485,68.17690968,79.60583733,58.65058942,46.00324855
188,2,2,1,2,1,96.96716069,40.08841238,98.06088512,63.56455387,71.34906435,58.72475195,46.0246224
189,2,2,1,2,1,97.35658657,44.86429213,102.461535,64.9349716,81.3186082,58.78538555,46.01758595
190,2,2,1,2,1,97.36211367,43.9652281,99.07044469,65.0754767,80.68389074,58.68732435,46.08788588
191,2,2,1,2,1,97.34413136,42.7959294,100.6326495,65.70114693,78.75287965,58.6787603,46.08624762
192,2,2,1,2,1,97.44251992,43.70595176,101.7608613,64.74726603,79.14816309,58.72338371,46.04927251
193,2,2,1,2,1,97.46850814,41.9850074,103.9718257,66.91737058,81.41927419,58.67930479,46.14194081
194,2,2,1,2,1,96.59946028,40.56424561,104.6610876,69.28412359,77.99623667,58.58427602,46.07924747
195,2,2,1,2,1,96.61879713,40.79735446,106.7448195,65.12159102,79.25905594,58.63030985,46.06977154
196,2,2,1,2,1,96.45431787,42.52291037,104.2041047,77.74012671,82.90172082,58.64055598,46.17790565
197,2,2,1,2,1,96.03579047,41.43042202,108.6047389,74.61588667,90.86818186,58.53217561,46.09067229
198,2,2,1,2,1,95.76766063,45.83738182,109.9956396,79.45911684,81.04610221,58.50787032,46.11791677
199,2,2,1,2,1,95.17555822,42.07636555,108.7192084,66.49774622,84.92654958,58.56206063,46.21483222
200,2,2,1,2,1,95.098952,40.63419799,109.183412,79.44628699,91.26689746,58.5793552,46.13993142
201,2,2,1,1,1,614.3069044,45.62273233,85.60870984,47.37791815,67.88588516,58.93663007,45.93182093
202,2,2,1,1,1,606.6338733,45.59969283,88.1791936,54.85465451,67.34076564,58.93288048,45.9143922
203,2,2,1,1,1,613.9588255,45.69334373,86.99798592,55.52766001,63.25168318,58.88363168,45.92052025
204,2,2,1,1,1,604.2753242,44.95236741,86.62331827,54.99384301,63.415227,58.94486882,45.95877842
205,2,2,1,1,1,606.0101076,45.76105725,88.50558399,56.31878361,65.98162323,58.79862471,45.95346007
206,2,2,1,1,1,607.3322091,46.67897687,92.79620603,54.67357904,70.02906537,58.96711666,45.97169917
207,2,2,1,1,1,612.0337429,46.96347241,93.37348984,59.18989658,66.63764927,58.92735868,45.99868201
208,2,2,1,1,1,611.3841079,45.6457601,93.81668285,57.26612475,72.49223448,58.75505855,46.00119309
209,2,2,1,1,1,608.5915152,45.50898585,90.65884565,60.75816164,74.6627429,58.88824968,45.92751402
210,2,2,1,1,1,602.345541,46.62094448,93.83294343,57.00637549,73.11927761,58.76552258,45.9570421
211,2,2,1,1,1,601.0037936,45.41026625,92.48766096,64.295215,65.1768267,58.80325638,45.96025376
212,2,2,1,1,1,608.946819,46.24417414,95.58414495,60.90948257,65.79652569,58.76459292,45.98678594
213,2,2,1,1,1,607.8660114,47.05002078,95.37698899,65.6100551,66.91590851,58.78339587,45.99813246
214,2,2,1,1,1,606.3422216,47.27817118,94.17162964,67.079218,70.42396129,58.74666078,46.00891058
215,2,2,1,1,1,604.4488922,47.24113251,94.74327491,65.48492005,68.3553094,58.76793434,46.0623183
216,2,2,1,1,1,603.1026715,45.11316373,99.24587054,63.74184477,74.69958504,58.64306036,46.07284828
217,2,2,1,1,1,601.5391849,45.80337625,97.59037862,57.9841249,71.75872417,58.78670133,45.9756775
218,2,2,1,1,1,597.5297064,47.84741697,98.49823884,59.53392236,81.14193365,58.79005394,46.04372719
219,2,2,1,1,1,605.1822124,48.20381073,96.76086238,61.29994304,68.2105695,58.73033057,46.02750514
220,2,2,1,1,1,605.2658798,45.84100293,98.51569979,67.74912733,76.24970443,58.67338372,46.1062423
221,2,2,1,1,1,595.2251663,45.95718842,101.8509309,62.84193946,77.67548982,58.65852151,46.05158666
222,2,2,1,1,1,603.5337071,45.71763243,101.2210454,67.45845933,82.66240638,58.65970812,46.0309048
223,2,2,1,1,1,594.8616045,45.27662087,102.4898179,71.99146335,78.24876991,58.62583489,46.12070853
224,2,2,1,1,1,602.9254378,45.67104381,106.0980346,63.93311931,78.86867191,58.59228911,46.09987314
225,2,2,1,1,1,598.988431,49.05353533,102.8876799,69.97256672,81.42208007,58.59992904,46.09246112
226,2,2,1,1,1,597.9839786,45.06852141,104.9872055,66.98518564,78.28857296,58.5417145,46.14806938
227,2,2,1,1,1,596.7825561,48.60063909,105.3916567,66.26693507,82.33941656,58.62632151,46.07813047
228,2,2,1,1,1,599.6807812,48.4360476,106.5020317,67.62504293,85.73825751,58.63441397,46.1242673
229,2,2,1,1,1,600.3253673,49.79472076,108.6605376,68.04851569,87.6555159,58.53797419,46.08589917
230,2,2,1,1,1,599.3092277,47.90212126,109.2575608,73.4204735,87.70365365,58.67657656,46.17029567
231,2,2,1,1,1,592.4719168,49.91092778,110.397826,70.09183083,89.8822853,58.46390454,46.12376291
232,2,2,1,1,1,594.2443719,47.77971024,111.8239011,76.66240275,94.41646723,58.55121236,46.13376561
233,2,2,1,1,1,590.8105709,46.07423172,109.1891345,77.14823481,83.04484718,58.56658532,46.15276772
234,2,2,1,1,1,593.1480137,48.80055641,112.0817712,80.11582708,83.48603992,58.40003555,46.2185423
235,2,2,1,1,1,589.5952452,48.97031953,109.7805954,80.71837743,94.76936042,58.48770137,46.15233652
236,2,2,1,1,1,592.8117467,44.88452451,113.9887694,70.49891673,87.45170929,58.3353218,46.15137471
237,2,2,1,1,1,590.3349495,45.51990933,112.7009977,76.09147553,89.25724056,58.48115385,46.22930765
238,2,2,1,1,1,589.8031281,51.07107102,114.2412583,76.2475459,95.65567465,58.46921933,46.21438008
239,2,2,1,1,1,591.6075511,51.16202176,116.9487663,82.61975529,89.97317818,58.31865103,46.22999371
240,2,2,1,1,1,591.9773823,47.33958818,118.1685536,88.94031978,95.39758887,58.27132754,46.24302395
241,1,2,1,1,1,609.9636673,51.89092182,89.76592304,52.16491247,65.57310967,58.84665505,45.92739115
242,1,2,1,1,1,608.2957079,51.107406,89.03368733,51.20504837,65.37543935,58.95971563,45.96166464
243,1,2,1,1,1,613.8498385,51.20763942,88.80329829,57.52563191,63.48628651,58.89194122,45.9595562
244,1,2,1,1,1,606.7776187,51.66846482,89.69793701,49.04465934,65.5532663,59.0100917,45.89043038
245,1,2,1,1,1,612.6197233,51.75421887,87.05142709,53.66881005,71.12173466,58.9372237,45.90216832
246,1,2,1,1,1,610.8252769,51.78033207,90.84535962,55.58334215,69.32199035,58.92059654,45.94562087
247,1,2,1,1,1,607.6251387,52.17357107,94.18335082,54.36974088,62.99413357,58.80114089,46.03328407
248,1,2,1,1,1,607.3495317,52.16388467,95.54872145,58.86878913,73.65592459,58.85336834,46.00384213
249,1,2,1,1,1,608.4440314,51.71764886,94.93019112,56.28361527,72.48215603,58.81117572,45.98213574
250,1,2,1,1,1,605.9104185,52.6443374,97.88997997,56.76912615,71.47624561,58.68993653,46.0447746
251,1,2,1,1,1,609.2276307,53.14312264,96.81590501,62.24038866,72.93613464,58.69084616,46.0592423
252,1,2,1,1,1,606.8098767,51.45273027,98.86443472,64.67964915,79.02216252,58.68971882,46.07644489
253,1,2,1,1,1,608.6651238,52.30187708,98.89010727,67.18262299,76.28099157,58.69943272,46.009221
254,1,2,1,1,1,603.6978089,51.24296082,99.74469362,68.26916351,77.7035508,58.79060457,46.07195444
255,1,2,1,1,1,604.6262983,51.39287961,102.6126296,62.02427076,74.75711466,58.75297731,46.03055512
256,1,2,1,1,1,607.2445585,52.96530759,100.5465834,64.81937629,73.79440558,58.75503365,46.12399993
257,1,2,1,1,1,604.4381013,53.11788251,103.0138717,70.88447945,78.95886088,58.76971329,46.09403947
258,1,2,1,1,1,601.8201283,51.33523135,104.3351316,67.57227959,82.87081672,58.71912038,46.08117309
259,1,2,1,1,1,605.0039033,51.0262619,102.1968779,64.57947582,83.64008561,58.63348532,46.09145536
260,1,2,1,1,1,603.9048785,51.35301603,105.1116298,71.023478,80.30391052,58.71879321,46.11040023
261,1,2,1,1,1,605.1511999,54.90779858,104.3479744,70.39260278,82.45470251,58.57074016,46.12975896
262,1,2,1,1,1,599.5682849,50.99890591,105.8437726,63.8774868,82.25019399,58.69322618,46.05512691
263,1,2,1,1,1,602.80485,51.3984013,105.6531886,68.41102603,85.70687889,58.60311596,46.10101845
264,1,2,1,1,1,598.1710604,53.90992563,107.085616,71.01725616,87.15057542,58.55961614,46.06424715
265,1,2,1,1,1,602.6304446,54.39335183,107.2843715,76.41279538,78.67103593,58.50170466,46.13735587
266,1,2,1,1,1,594.1810847,51.52902538,108.0655443,68.34688397,81.72799585,58.61008851,46.1985367
267,1,2,1,1,1,598.9939181,55.82631601,109.9768432,73.37437842,92.61991282,58.44816195,46.12668354
268,1,2,1,1,1,601.4712617,51.70700585,110.5165798,71.72586527,84.4779914,58.50196698,46.12260404
269,1,2,1,1,1,600.1121878,54.41435386,111.2538379,82.07738397,86.67530656,58.55326659,46.1954914
270,1,2,1,1,1,593.8168116,56.11386455,111.9192678,80.39300222,86.64285569,58.56497095,46.18473876
271,1,2,1,1,1,592.3700227,55.58321877,110.989013,79.95436738,90.59319456,58.45314588,46.20934128
272,1,2,1,1,1,598.9847193,53.02612759,111.5343874,80.83445211,90.19544547,58.38160448,46.18540871
273,1,2,1,1,1,593.9404338,50.95727117,114.9019865,77.59875659,88.88533866,58.45181258,46.19666271
274,1,2,1,1,1,592.6797864,54.76239871,115.7089386,83.94159802,93.75560823,58.53293514,46.22490906
275,1,2,1,1,1,595.2697248,58.00278257,116.0096746,81.81982361,95.59657398,58.48496147,46.22100351
276,1,2,1,1,1,594.1210206,51.99194567,118.0323493,84.07066627,94.58778999,58.43033352,46.27645429
277,1,2,1,1,1,593.791249,52.866461,121.5526406,82.41351179,97.88641683,58.279589,46.24129209
278,1,2,1,1,1,590.5476977,58.00549663,119.4761682,78.12314777,96.58535539,58.31888114,46.23030615
279,1,2,1,1,1,590.4618593,57.00533262,118.7672466,78.87290357,97.36314647,58.40581517,46.24909372
280,1,2,1,1,1,589.2881948,57.91481888,124.0637664,83.48723899,98.1121868,58.16868683,46.22246707
281,2,1,1,1,1,613.4050564,44.93949914,95.43872937,64.149679,75.37768332,51.51281446,46.01735601
282,2,1,1,1,1,613.5935674,45.0548395,98.34030057,59.85592859,70.60470368,51.44335719,46.02375384
283,2,1,1,1,1,606.3698545,45.64575001,96.74072358,59.01775231,74.74446915,51.19029384,46.09498078
284,2,1,1,1,1,613.3682688,45.65479247,98.40678437,68.35267929,77.94449944,51.60235976,46.0512181
285,2,1,1,1,1,613.5574854,45.00302276,101.0390368,60.41819808,74.1054019,51.77657034,45.9970008
286,2,1,1,1,1,608.9284732,45.86086337,100.7402405,61.49575277,80.48556045,51.64973887,46.09443488
287,2,1,1,1,1,608.6613077,45.40446233,102.8576316,64.55153229,79.29970938,51.5702485,46.00875715
288,2,1,1,1,1,611.9903825,46.23383556,100.3945607,67.98956387,84.53538901,51.55009892,46.05537649
289,2,1,1,1,1,601.5791244,45.32100424,104.5131178,65.82839419,81.26213662,51.12988771,46.03617999
290,2,1,1,1,1,609.7324393,45.31515689,103.5275976,70.37893666,85.42301132,51.3154342,46.03852696
291,2,1,1,1,1,603.5625579,47.51824742,103.3116718,74.66022269,84.11554811,51.29017757,46.06410452
292,2,1,1,1,1,608.9298117,47.00502526,106.0718846,69.3058017,82.19616699,51.2959738,46.09217232
293,2,1,1,1,1,608.1829671,47.32510849,108.0931193,64.88863133,85.72387555,51.35553688,46.14810717
294,2,1,1,1,1,607.0853163,47.58009913,105.5527134,73.23504114,87.93946569,51.21118123,46.11677056
295,2,1,1,1,1,607.9952186,46.04633597,104.4582039,74.06572776,85.52403522,51.22535744,46.1502987
296,2,1,1,1,1,601.1320725,44.8700535,108.5794541,67.62754092,77.14777638,51.06737047,46.0750881
297,2,1,1,1,1,602.2733914,45.19370403,107.4356889,80.57961547,93.20935775,51.19755924,46.17358464
298,2,1,1,1,1,599.9702115,46.95989311,109.2600931,79.86608085,85.89058447,51.2045397,46.16593903
299,2,1,1,1,1,605.6774358,46.01975438,112.156457,76.38063123,92.63075871,51.04665601,46.1573832
300,2,1,1,1,1,594.6910817,45.69990024,113.4156313,76.24178495,92.64321411,51.4593318,46.18058781
301,2,1,1,1,1,596.1119174,46.26008618,111.9487618,78.22433036,87.30316854,51.12588215,46.12839289
302,2,1,1,1,1,597.0989413,46.01087969,113.3829519,77.62065146,88.56848037,51.45152703,46.16265765
303,2,1,1,1,1,598.0254859,46.77867763,113.7508409,76.21501902,96.68962692,51.34420165,46.18255988
304,2,1,1,1,1,595.9078728,46.11077256,113.5425736,84.58046685,87.52883981,51.36022707,46.25675279
305,2,1,1,1,1,598.8119288,46.73113773,113.6005896,80.83422911,94.4191638,51.33125527,46.18198567
306,2,1,1,1,1,592.2357469,48.98975262,114.2863977,82.87166091,97.91692165,51.17385435,46.25164151
307,2,1,1,1,1,595.9650304,47.49279548,116.3094863,73.59040316,94.15059253,51.02412155,46.2636957
308,2,1,1,1,1,599.8696517,47.78842381,115.426196,87.82848103,91.94861887,51.04044312,46.26009023
309,2,1,1,1,1,595.4960057,45.51154021,116.577663,83.3047493,96.07130156,51.25201189,46.24316557
310,2,1,1,1,1,595.8831936,49.83891229,117.5776492,80.03170429,103.341163,51.38178838,46.287414
311,2,1,1,1,1,592.2278562,48.84381409,120.0619147,88.11813556,96.38774989,50.99448024,46.2630698
312,2,1,1,1,1,590.0139425,49.47223935,122.1459762,86.1797365,103.6917873,51.34619396,46.24901014
313,2,1,1,1,1,590.2891333,48.76820135,119.8481872,76.75789708,94.25144456,51.0924196,46.22552902
314,2,1,1,1,1,593.7026574,47.23013469,121.2870071,81.2415886,93.66347561,50.95528061,46.24297081
315,2,1,1,1,1,589.3994699,47.30017319,120.1842484,86.991383,91.79170504,50.81049362,46.25891826
316,2,1,1,1,1,591.3252473,50.00680759,124.0922023,88.57609176,91.74094015,51.22606563,46.2501642
317,2,1,1,1,1,590.5140648,49.3744666,122.4832165,80.91100876,100.7146328,51.11039613,46.27974873
318,2,1,1,1,1,588.656776,48.69736752,125.9192925,87.62507689,104.2237621,51.05512609,46.32964285
319,2,1,1,1,1,589.9578943,48.49235014,124.5257398,80.78536756,96.54078729,50.82915314,46.29569769
320,2,1,1,1,1,593.0432466,48.90499275,124.8787836,89.52164525,109.4727067,50.88549122,46.27591878
321,2,2,2,1,1,531.1535852,45.3678853,106.2003747,65.89514156,80.41815377,39.23088865,46.12493914
322,2,2,2,1,1,530.5029145,45.01992893,107.8799787,72.50107504,78.27013905,39.30898302,46.08643069
323,2,2,2,1,1,536.1191173,45.81844813,108.2979887,79.70137324,86.74837069,39.38423077,46.09216382
324,2,2,2,1,1,529.7923904,45.50324534,110.4241671,78.59906836,91.84333044,39.12822418,46.13026314
325,2,2,2,1,1,536.2893888,45.2275504,110.8889059,76.11071958,94.00412888,39.17641941,46.12344084
326,2,2,2,1,1,526.1286781,45.53203429,110.1180264,76.24546124,87.98893356,39.39446602,46.18603191
327,2,2,2,1,1,528.6404431,45.38723212,114.2500954,77.29506738,89.14962389,39.07878636,46.20249645
328,2,2,2,1,1,525.3085624,44.97874581,110.6404241,80.75748095,97.1322001,39.26321708,46.14971195
329,2,2,2,1,1,526.1569668,45.95587607,114.8194454,79.91719015,95.7392371,39.06754278,46.23609774
330,2,2,2,1,1,530.8469183,45.39925932,116.004053,77.5881247,86.84503907,38.83933886,46.15663086
331,2,2,2,1,1,522.0308416,46.78493866,112.5634648,83.70362444,90.69234464,39.35414733,46.24148832
332,2,2,2,1,1,522.2896463,46.27392075,113.3854315,80.85992721,84.74806296,39.1834206,46.185544
333,2,2,2,1,1,524.0679758,45.58566684,113.7719871,77.75301616,93.98478047,39.17683809,46.1592347
334,2,2,2,1,1,525.3178751,45.08087357,116.364447,81.4911941,88.4486648,39.15436432,46.19427329
335,2,2,2,1,1,524.2665093,46.61212491,115.3014078,77.29242595,92.23960871,39.03307055,46.26602396
336,2,2,2,1,1,517.6440129,47.28635683,116.9484774,74.05740527,93.52509175,39.10276651,46.25677529
337,2,2,2,1,1,521.6734757,46.74353842,119.5123212,87.68544177,97.82767578,39.16712701,46.26062939
338,2,2,2,1,1,514.7555052,46.84751468,117.6294886,77.35975321,101.5605455,39.1705638,46.21893891
339,2,2,2,1,1,520.7438948,46.82411162,119.6481078,82.67806375,91.89430793,38.98601425,46.23251743
340,2,2,2,1,1,519.1713701,46.55251338,119.1802263,89.01408582,97.61565463,39.33304118,46.25929226
341,2,2,2,1,1,517.3185402,46.1755535,120.9827552,86.28904107,104.1115082,38.96704066,46.2345534
342,2,2,2,1,1,515.2111576,47.86604729,119.3802371,82.69953823,92.76191296,39.16412984,46.28666661
343,2,2,2,1,1,516.7376654,44.82038328,123.2382531,89.08341547,95.29532786,39.140508,46.24934423
344,2,2,2,1,1,506.5064393,48.94325967,123.9473087,87.29118088,99.81982464,39.26396349,46.28817361
345,2,2,2,1,1,513.4531148,46.47096912,122.4640896,91.580806,103.0051484,38.89789633,46.24766332
346,2,2,2,1,1,512.5912112,46.30718598,125.9108157,92.55537301,109.736621,39.18858068,46.31301267
347,2,2,2,1,1,509.6178805,47.86033731,127.7681083,88.24219326,102.055189,38.89940607,46.30646462
348,2,2,2,1,1,504.1905092,47.0193352,124.2427346,94.19783798,106.1580155,38.96261991,46.35428527
349,2,2,2,1,1,505.5827306,50.22388046,127.2304908,92.28604921,102.7559527,39.00618814,46.29427344
350,2,2,2,1,1,500.0913128,49.06955225,128.9442927,97.08922519,103.0985143,39.07463393,46.3750091
351,2,2,2,1,1,504.3290275,45.67382565,129.2391372,95.90210042,114.2281932,38.79593912,46.34810608
352,2,2,2,1,1,499.1639131,48.57958615,129.274649,89.80722253,110.8635949,38.78953604,46.33882725
353,2,2,2,1,1,497.8271528,47.92594903,129.5938712,98.63615913,109.7145172,39.0818984,46.27054453
354,2,2,2,1,1,504.6694846,50.36664543,129.5058243,84.21647087,104.9257084,39.01500092,46.32252434
355,2,2,2,1,1,498.2742666,45.87067997,130.1303492,90.64848082,105.6150021,38.87982743,46.35741057
356,2,2,2,1,1,502.4714525,48.05310519,133.252707,102.0314263,107.1292664,38.78230846,46.42262213
357,2,2,2,1,1,495.3460986,50.36284358,133.8436857,91.86891759,109.4614826,38.87840819,46.42233709
358,2,2,2,1,1,502.2839073,50.67390782,132.6266246,102.2373454,117.6846175,38.80423082,46.44095795
359,2,2,2,1,1,495.1115767,48.77698754,136.7555464,96.15349152,107.4222539,38.70477237,46.44635471
360,2,2,2,1,1,497.1947509,46.79334449,137.8784152,108.3020932,119.22233,38.5707908,46.40561689
361,2,2,1,2,1,191.007318,45.07484571,89.30752378,54.10978104,65.14712221,58.92787687,45.92994771
362,2,2,1,2,1,196.5084957,45.7385086,87.26997316,54.86398696,66.39335526,58.94405603,45.9406208
363,2,2,1,2,1,190.4265831,45.28415395,87.3119978,53.64086892,66.61082121,58.94911342,45.93213772
364,2,2,1,2,1,187.1554088,46.03638359,87.56106739,48.94180792,63.36310649,58.90237055,45.92417324
365,2,2,1,2,1,187.5491648,45.75912604,93.28995155,60.26201588,67.21336428,58.86118794,45.95986133
366,2,2,1,2,1,193.1537371,47.00408778,94.53830318,58.87089275,66.94949508,58.76989394,45.91585616
367,2,2,1,2,1,188.644987,45.60770387,92.82096064,51.74346161,71.16396969,58.78959419,46.01955204
368,2,2,1,2,1,191.5747494,45.22150203,95.44385812,59.78327449,74.81530865,58.88534278,46.0269188
369,2,2,1,2,1,195.5507083,46.68387617,95.77548603,59.27310401,68.57083745,58.88627351,46.0104634
370,2,2,1,2,1,192.7291313,46.23190718,95.1749174,61.77277183,71.09792336,58.86232885,45.98398585
371,2,2,1,2,1,191.5118312,46.08990752,96.7493363,57.66764641,72.71849938,58.71981355,45.99755342
372,2,2,1,2,1,188.2769801,47.13306143,96.6394816,58.95412345,70.06580625,58.72543197,46.07679147
373,2,2,1,2,1,193.5340736,47.11431844,99.23631379,61.25488533,72.50947131,58.68184515,46.08766047
374,2,2,1,2,1,192.3232783,47.80102535,99.8615495,66.30705848,73.36730169,58.749594,46.06125658
375,2,2,1,2,1,191.0887815,46.93117958,96.32019074,65.12881602,75.81391865,58.68111545,45.98177013
376,2,2,1,2,1,193.6681043,47.27774124,99.60620773,68.18617949,71.60144592,58.69930742,45.99474053
377,2,2,1,2,1,196.0783297,47.10619946,100.3044931,63.75552517,74.35576348,58.703601,46.04830132
378,2,2,1,2,1,191.5331799,44.97168288,101.8834135,67.79125437,79.63957523,58.79064283,46.06946316
379,2,2,1,2,1,193.3679319,47.13739981,100.2563937,69.43730115,78.46966493,58.73659254,46.050594
380,2,2,1,2,1,190.4912557,46.32387459,105.0286669,63.46445381,75.57716276,58.67952869,46.04868031
381,2,2,1,2,1,194.9294284,47.1886946,103.0793454,68.47963205,78.5034689,58.61917392,46.02829993
382,2,2,1,2,1,194.9004866,47.40789393,102.5283372,73.20427113,79.53204193,58.60078408,46.04477114
383,2,2,1,2,1,188.0651441,46.78844552,103.3082858,73.85666975,81.84191917,58.59454282,46.12729068
384,2,2,1,2,1,193.9056312,45.11922707,105.2930219,72.36510798,74.43534954,58.56585253,46.08485909
385,2,2,1,2,1,188.7662612,45.10659017,106.7223083,74.39665919,88.10636562,58.62252127,46.08972738
386,2,2,1,2,1,186.2201815,47.65915956,104.278001,65.57649106,81.6863187,58.64933026,46.06601724
387,2,2,1,2,1,191.2621897,47.97422566,104.5653141,65.6454873,86.60135577,58.55277398,46.07333363
388,2,2,1,2,1,191.5574592,49.92925513,105.5177271,78.62959899,82.03964597,58.60712807,46.087814
389,2,2,1,2,1,194.6674392,49.26143868,109.2733788,74.6969367,82.00462327,58.4384721,46.1611839
390,2,2,1,2,1,193.9349708,46.21749214,110.5169285,73.0281072,85.52161518,58.55791774,46.10221132
391,2,2,1,2,1,187.7785364,48.42923044,108.8643373,77.83398789,79.47719774,58.43993861,46.19729956
392,2,2,1,2,1,194.8408373,45.89956549,111.750288,71.67071527,85.31666965,58.56385326,46.10777031
393,2,2,1,2,1,194.026906,47.31070175,113.6131655,77.42711513,88.38939611,58.4765456,46.20378833
394,2,2,1,2,1,184.409843,50.89730749,115.7689975,79.25952305,90.45273868,58.33353684,46.14668675
395,2,2,1,2,1,193.1082428,51.25232801,116.7864484,72.63603226,89.0684773,58.36135659,46.23832871
396,2,2,1,2,1,192.3818691,46.37867988,116.9263957,78.98780129,95.2914698,58.34134031,46.17071489
397,2,2,1,2,1,187.1649168,45.50690658,118.7977328,75.96273619,98.3179882,58.39871364,46.16337386
398,2,2,1,2,1,184.9064811,47.09516771,115.4676586,83.53114004,95.43175854,58.46313302,46.22881815
399,2,2,1,2,1,184.1273575,49.54317157,115.8797611,78.10069878,93.85966616,58.3796006,46.23736757
400,2,2,1,2,1,188.9164722,46.26873669,120.2972573,81.91369322,96.70624694,58.25175472,46.23736736
401,2,2,1,1,1,917.33228,50.69387688,96.78963309,58.68320801,68.38625085,58.82832217,45.99862206
402,2,2,1,1,1,918.2659391,51.1348063,96.58137278,66.0154784,74.54312937,58.73271195,46.0517595
403,2,2,1,1,1,915.4733686,50.78873919,97.00881532,64.66505361,75.81953115,58.77970618,46.02990814
404,2,2,1,1,1,909.699595,50.23620484,97.282136,60.78281309,79.75773943,58.70056929,46.00001255
405,2,2,1,1,1,914.973491,51.05505369,97.45597756,64.57132239,74.01588356,58.64059711,46.04094067
406,2,2,1,1,1,913.6516121,51.47537649,100.9943336,70.10692318,83.51278039,58.77747932,46.0234412
407,2,2,1,1,1,907.8642747,50.78916465,102.9240995,63.40114092,78.29678441,58.67605798,46.11321598
408,2,2,1,1,1,912.5717189,51.47484986,102.7279625,73.10754475,77.85837879,58.61734135,46.11264881
409,2,2,1,1,1,910.9447394,50.53211503,102.1391354,62.78774088,83.86595752,58.54359643,46.04396474
410,2,2,1,1,1,915.5646214,50.67188768,102.3538278,71.03603947,78.73745323,58.6210014,46.04521071
411,2,2,1,1,1,906.2450644,50.19055737,102.0820318,70.44177074,79.36570838,58.71317759,46.08566413
412,2,2,1,1,1,913.3751782,50.15785895,105.6272327,70.91605914,79.83217968,58.63657934,46.07013506
413,2,2,1,1,1,906.7618259,50.6560402,103.2126782,66.50187659,75.50275417,58.55558481,46.06566668
414,2,2,1,1,1,903.0064038,51.44103091,104.9688884,73.89311068,76.61009156,58.64161278,46.10612713
415,2,2,1,1,1,909.4695893,51.76667826,106.9817864,69.94484875,89.65458688,58.6850887,46.06222953
416,2,2,1,1,1,905.281642,52.44140339,104.7055801,74.0643604,84.97784876,58.52042934,46.12414764
417,2,2,1,1,1,902.3030903,51.14631194,108.3666593,72.0235705,82.779961,58.52369811,46.06721922
418,2,2,1,1,1,906.6849218,52.9665855,108.2739076,69.10702184,86.15468039,58.53264775,46.15541746
419,2,2,1,1,1,898.445726,51.13221631,110.9835935,68.95300423,88.74034238,58.56532708,46.14318857
420,2,2,1,1,1,901.4428916,51.94623833,111.0805824,79.99869968,90.744975,58.56083361,46.15113062
421,2,2,1,1,1,899.0332841,52.84977138,108.7745085,77.79058594,87.99708869,58.43899008,46.18119705
422,2,2,1,1,1,897.1437711,53.28642184,112.3717439,77.41661113,89.84536075,58.558963,46.13163577
423,2,2,1,1,1,896.4055134,51.96974496,112.4002164,71.58357748,85.41624484,58.43476498,46.22805178
424,2,2,1,1,1,895.2733827,50.75422334,109.8660818,77.93621054,92.88533605,58.52645587,46.1887298
425,2,2,1,1,1,899.1060908,52.61711344,114.5388352,81.08510181,93.09600328,58.51742066,46.20871328
426,2,2,1,1,1,902.6903697,51.89901593,111.1557206,78.31543687,98.45738124,58.43095498,46.18319148
427,2,2,1,1,1,899.270718,50.16199731,114.5112876,77.25255794,89.07160369,58.3486021,46.21495198
428,2,2,1,1,1,900.11672,51.37875065,115.3146686,81.57855603,87.31757493,58.44593815,46.18542856
429,2,2,1,1,1,894.1399806,50.65262906,116.7986112,75.78175858,92.04711806,58.46213048,46.18885959
430,2,2,1,1,1,892.6783864,54.61081048,120.8258806,84.07126677,90.84404319,58.27904512,46.18080577
431,2,2,1,1,1,889.7890741,51.76236644,119.3099223,85.17954163,94.18689808,58.43557826,46.2634867
432,2,2,1,1,1,899.7183973,53.88436924,120.5263437,87.88039943,94.77541524,58.20749302,46.2305523
433,2,2,1,1,1,894.2128344,54.89554129,123.6833701,87.47593258,96.24591721,58.18544122,46.30183366
434,2,2,1,1,1,897.020601,53.74294121,122.4169753,86.1270529,104.7231504,58.24188434,46.2704108
435,2,2,1,1,1,894.5793231,52.50383952,123.6811564,86.85110485,99.76963099,58.27997707,46.30275933
436,2,2,1,1,1,886.9317378,54.63909805,123.0576135,88.87168922,97.6940401,58.31293712,46.25976212
437,2,2,1,1,1,893.5164251,50.85511846,122.1238933,82.59346754,103.070775,58.26169782,46.25909079
438,2,2,1,1,1,885.8757187,55.74442819,125.5697195,89.40164358,99.85833447,58.23451023,46.33655572
439,2,2,1,1,1,892.8967333,56.05907756,122.0271465,91.59307268,103.914702,58.22148385,46.28972546
440,2,2,1,1,1,891.5571819,53.85855384,122.9146218,94.61304907,99.78567522,58.16311878,46.32064034
441,1,2,1,1,1,912.2849292,56.86018759,94.87719148,63.49560834,72.05104152,58.71812008,46.05324686
442,1,2,1,1,1,919.3643089,57.35317616,96.80010724,59.17169148,69.85596443,58.65561642,46.08508725
443,1,2,1,1,1,912.8595413,57.90829588,97.03232395,63.57151158,80.77855955,58.7645991,46.00108606
444,1,2,1,1,1,916.4238173,57.56941849,98.67117723,62.13575166,71.06161969,58.59084105,45.99429991
445,1,2,1,1,1,918.9205192,57.87899116,98.11592977,63.11562713,77.60911233,58.6140708,46.02009335
446,1,2,1,1,1,915.2197957,57.39963317,100.2715064,62.61480196,77.43169079,58.79431938,45.98798504
447,1,2,1,1,1,916.6559723,57.49812226,98.7066086,67.97158661,71.82129185,58.61193433,46.06368577
448,1,2,1,1,1,914.1458725,57.66328074,100.3080933,61.91891706,73.30948952,58.63942999,46.04485609
449,1,2,1,1,1,907.9377633,58.73525178,100.4631964,66.41492011,81.37014799,58.68706513,46.03606666
450,1,2,1,1,1,915.9070208,57.25025116,102.3113678,63.79967425,74.53029734,58.62159112,46.066237
451,1,2,1,1,1,914.1508351,57.02062988,102.9892876,66.32106592,86.2205529,58.58417735,46.0696916
452,1,2,1,1,1,911.8014162,57.61832147,105.0362495,69.14838655,78.3005719,58.64402141,46.11769306
453,1,2,1,1,1,911.2588197,58.56969993,107.1583224,74.59328324,88.06517763,58.64467978,46.08906511
454,1,2,1,1,1,905.459834,59.10724316,106.619871,70.99936932,77.2663314,58.60204459,46.10172435
455,1,2,1,1,1,904.4385037,59.32294156,105.7500867,75.56428588,80.00737519,58.45043066,46.16290479
456,1,2,1,1,1,909.1552499,58.8857826,109.4711133,69.83709349,80.01374994,58.66529359,46.16341879
457,1,2,1,1,1,901.336732,59.82011115,111.6537388,72.4439388,86.20651589,58.50350263,46.09025934
458,1,2,1,1,1,902.3282978,57.43361535,113.4798515,74.39497999,88.371906,58.42205034,46.20754228
459,1,2,1,1,1,901.8857907,58.01414444,112.7220671,74.20938943,83.43966238,58.48246087,46.17683113
460,1,2,1,1,1,904.8777698,58.4533105,111.3410078,76.24095057,84.04943453,58.566232,46.17388567
461,1,2,1,1,1,900.1087696,58.74484884,109.2962942,80.44528123,91.19243922,58.40888217,46.17631853
462,1,2,1,1,1,905.9629833,57.40130413,110.0399142,80.44821869,94.30404299,58.49131643,46.10235656
463,1,2,1,1,1,906.4863645,59.98743445,112.684081,78.98293347,91.72591976,58.54770798,46.12293065
464,1,2,1,1,1,896.1124084,59.27873597,111.6766709,76.93724129,91.84935607,58.53210057,46.18760098
465,1,2,1,1,1,897.4770281,60.95635093,112.4108891,79.65426597,92.70136426,58.46353166,46.17599906
466,1,2,1,1,1,899.8741411,57.20810954,113.1928545,85.29844454,94.20008564,58.26615844,46.23866361
467,1,2,1,1,1,899.5882848,58.46438268,114.3003573,82.11847528,94.34373592,58.4946251,46.1416478
468,1,2,1,1,1,901.6498676,60.59582265,116.4402378,83.16934847,90.77972335,58.30163607,46.25887986
469,1,2,1,1,1,892.7810401,60.9796975,117.0582439,76.27674156,87.24852745,58.46275604,46.27165494
470,1,2,1,1,1,892.6842472,57.85321868,119.2617581,85.03617301,96.41619899,58.34664978,46.21850893
471,1,2,1,1,1,893.5271359,61.38601809,117.4817172,87.28674322,96.81322952,58.48314134,46.26404777
472,1,2,1,1,1,889.9564042,57.90064883,119.0926921,81.20284841,100.6919476,58.48553638,46.27726432
473,1,2,1,1,1,891.2057299,62.12330935,122.0902076,80.51057554,96.40965615,58.38329547,46.24181545
474,1,2,1,1,1,892.8354255,57.77312155,124.473307,88.04379603,105.1607493,58.19020288,46.27705575
475,1,2,1,1,1,896.8938602,60.28089372,121.5455474,87.10980872,107.0641636,58.21107318,46.30482925
476,1,2,1,1,1,898.1718733,60.5342832,124.5919928,91.45689805,105.2999452,58.16360994,46.26395097
477,1,2,1,1,1,895.3508564,60.92349039,125.7659524,82.76331931,105.39114,58.19804441,46.26435306
478,1,2,1,1,1,895.508087,61.77404468,124.5138839,89.09460288,108.1252687,58.38684229,46.31549704
479,1,2,1,1,1,895.7971126,57.33362326,123.2091539,90.45326124,100.3074102,58.2664052,46.29511674
480,1,2,1,1,1,890.8150856,57.88396806,127.8438478,88.71814004,103.4950102,58.04767282,46.28225974
481,2,1,1,1,1,920.089085,50.34526617,111.627123,71.75871351,80.9150334,51.21001731,46.12580815
482,2,1,1,1,1,915.8520185,50.66531374,111.5171659,69.76495678,92.23173653,51.26726481,46.15722748
483,2,1,1,1,1,913.763951,50.59588163,109.507882,76.14338364,87.25636019,50.99705836,46.08143754
484,2,1,1,1,1,912.0434694,50.46867577,110.0957183,76.02755106,87.83224213,50.96698623,46.10882183
485,2,1,1,1,1,918.5134966,50.49264663,109.550221,80.87435193,82.51410486,51.18837517,46.20644572
486,2,1,1,1,1,908.8962614,51.06106499,112.8019176,78.72764373,88.60524252,50.96542679,46.15439518
487,2,1,1,1,1,909.4088895,50.69092694,113.1717986,73.799095,85.8434446,50.83839111,46.14412503
488,2,1,1,1,1,916.5890729,50.31632562,114.9534734,74.39497492,90.8706291,50.86449125,46.17595418
489,2,1,1,1,1,912.6090554,50.23377318,113.4429975,80.0721013,88.60880601,51.18900844,46.24750423
490,2,1,1,1,1,914.8677437,51.54072887,117.2642268,85.65255141,98.26120395,51.02262065,46.20480588
491,2,1,1,1,1,910.7433882,52.04972286,114.885277,75.68433611,93.5564138,50.91418878,46.21524215
492,2,1,1,1,1,906.2710268,49.92123671,113.4294517,85.00020529,94.51318024,50.90780297,46.1879789
493,2,1,1,1,1,907.4377352,50.93543337,116.9059733,86.34458758,92.59828206,50.91302074,46.24820079
494,2,1,1,1,1,912.1193926,51.35262408,119.5867168,85.24545627,98.73842201,50.83953941,46.23464475
495,2,1,1,1,1,903.4123474,52.67744009,121.8092721,78.1919153,100.5750044,51.01893347,46.28980703
496,2,1,1,1,1,903.0878174,52.91333413,119.7545023,84.80073454,101.0349595,50.49891267,46.27688399
497,2,1,1,1,1,902.0529364,50.13387376,120.8633608,93.81533502,101.1225242,50.67443906,46.27534196
498,2,1,1,1,1,902.9090068,51.68100529,122.1394117,89.83316886,104.8032011,50.87418236,46.32142221
499,2,1,1,1,1,905.4783484,51.39736464,125.4448071,81.19907766,99.55536675,50.67485234,46.30562858
500,2,1,1,1,1,900.3842179,51.35819439,123.1395325,84.50262378,102.9348653,50.61029075,46.30021475
501,2,1,1,1,1,903.3024743,51.83649278,127.3891923,86.01259371,103.0091871,50.7974841,46.30226512
502,2,1,1,1,1,904.1455199,51.35765916,126.7463976,91.26887288,105.5875194,50.60337815,46.32934479
503,2,1,1,1,1,897.6882281,51.76712503,125.4066023,93.42075746,111.8590565,50.62726381,46.31786011
504,2,1,1,1,1,892.8890118,50.97593217,129.1498738,96.58894826,110.9312428,50.74358091,46.34473896
505,2,1,1,1,1,903.3258752,53.42748351,130.5179001,95.31096223,107.4018769,50.46803416,46.2931861
506,2,1,1,1,1,894.0733838,54.74901912,132.850186,92.14202108,116.104541,50.57287911,46.34543042
507,2,1,1,1,1,901.9280402,55.26095829,133.5700389,92.53334535,111.3704628,50.57237555,46.42205741
508,2,1,1,1,1,891.2597457,52.85707213,135.4948847,100.8350124,108.6228859,50.43287751,46.33113344
509,2,1,1,1,1,891.4358694,51.14064329,136.3179808,91.23441165,105.3976747,50.35140579,46.36132274
510,2,1,1,1,1,892.300593,55.18886283,136.1945871,104.0629902,107.4954402,50.42732825,46.38733072
511,2,1,1,1,1,891.2913846,52.88531966,133.2920338,103.5750349,109.8150738,50.49505867,46.38009252
512,2,1,1,1,1,891.1224514,55.05153435,134.764516,92.78741178,115.6242707,50.39422555,46.39310907
513,2,1,1,1,1,890.4076602,52.11653583,136.2782339,95.78119023,120.1691794,50.33928189,46.46943371
514,2,1,1,1,1,883.3741012,56.10524426,138.2594081,104.1486289,120.4773421,50.50801367,46.37795092
515,2,1,1,1,1,885.2193193,53.84332005,139.652603,102.2783128,111.691953,50.14724864,46.45534663
516,2,1,1,1,1,891.929931,54.26839406,138.497937,105.4341812,124.7020973,50.26848424,46.44610829
517,2,1,1,1,1,882.9261285,57.03788437,140.2830486,96.19424898,126.5922505,50.42860291,46.41508856
518,2,1,1,1,1,886.6329979,56.86030437,139.4683456,98.11686486,127.9174953,50.3865237,46.46602005
519,2,1,1,1,1,879.9602511,52.65420483,141.7757168,105.950619,119.7304488,50.56894425,46.43108233
520,2,1,1,1,1,889.0182073,54.98838695,141.7950637,101.9018733,126.9216143,50.38631318,46.43698041
521,2,2,2,1,1,801.5965145,50.77576989,119.0322962,76.25779808,100.4313049,41.00185914,46.20196366
522,2,2,2,1,1,803.4384214,50.48041771,110.1780191,68.48857444,92.25081233,41.19606623,46.13413465
523,2,2,2,1,1,807.1272898,50.20300406,111.0716932,72.91900091,89.56074995,41.28460752,46.15167249
524,2,2,2,1,1,806.9448484,50.15390579,110.3746195,74.41055141,87.1951352,41.16544255,46.16239482
525,2,2,2,1,1,799.3558977,51.06656041,113.7483513,78.06472893,97.3655602,41.27906159,46.20012095
526,2,2,2,1,1,792.0902522,51.14777818,112.2657591,75.40776757,97.04956343,41.36958898,46.16055476
527,2,2,2,1,1,794.9660173,51.11731297,115.1817771,80.15490037,92.71985254,41.06259573,46.11960389
528,2,2,2,1,1,791.1198413,50.38402085,115.0116061,79.24292588,86.64386294,41.51304192,46.16557294
529,2,2,2,1,1,790.6991584,50.08508834,113.0967987,77.76417483,86.87386438,41.22419776,46.15654889
530,2,2,2,1,1,793.6608694,51.48465414,117.0740854,82.34500367,87.20910374,41.29514518,46.18584172
531,2,2,2,1,1,794.2860409,50.12887771,115.013025,80.83091494,97.37797632,41.16233377,46.23842378
532,2,2,2,1,1,784.7597701,51.88722911,118.1322957,85.66383541,89.43633168,41.10884474,46.21534879
533,2,2,2,1,1,787.9945758,52.56893517,117.6932171,84.37982394,101.331753,41.13723022,46.22602604
534,2,2,2,1,1,777.922642,50.50215673,118.5303493,88.28983117,101.3435014,41.19138027,46.18397056
535,2,2,2,1,1,780.5200015,51.95980398,118.7275675,81.29072589,104.4650621,41.18875151,46.22329077
536,2,2,2,1,1,785.6744127,52.2740097,122.4785387,83.06534552,99.14667752,41.09068106,46.23422001
537,2,2,2,1,1,772.331393,50.22015174,123.0838759,89.78163835,100.3986748,41.26345351,46.26720289
538,2,2,2,1,1,776.1121503,50.36428917,119.549697,90.3539406,97.79906843,41.08373582,46.25122526
539,2,2,2,1,1,781.7000239,53.05284148,120.769083,87.61998304,104.6970973,40.98678121,46.26086382
540,2,2,2,1,1,772.7358791,50.44822038,125.3415897,90.89230454,99.94849958,40.96255024,46.29233234
541,2,2,2,1,1,773.4965497,52.56935393,123.7540194,87.62104631,105.189084,41.01721499,46.24123716
542,2,2,2,1,1,767.0481118,52.07893582,125.8069658,82.0038156,106.841343,41.01306941,46.28608951
543,2,2,2,1,1,772.3959732,52.35132813,128.7346943,91.21720771,109.3746187,41.06425054,46.32637934
544,2,2,2,1,1,772.4369328,51.03845771,126.8023789,89.17602602,101.1962826,40.90494205,46.36824144
545,2,2,2,1,1,762.3291168,51.37363249,126.3250635,87.22617042,105.5575035,40.79414077,46.35763997
546,2,2,2,1,1,770.7191747,54.03129112,127.3983543,84.1686667,110.6973333,41.11527297,46.39669532
547,2,2,2,1,1,761.6581208,52.16291024,127.1078941,92.14231813,105.4408381,40.80573443,46.34872298
548,2,2,2,1,1,757.8566621,50.66253691,128.141269,95.83984799,108.5521966,40.78053778,46.34231276
549,2,2,2,1,1,759.6023048,51.55433236,127.933538,91.24040648,107.6444673,40.99996858,46.34438647
550,2,2,2,1,1,762.1340328,50.45011853,131.5130846,88.414349,113.4995691,40.76696556,46.31907311
551,2,2,2,1,1,752.9683552,53.55337285,129.0636387,96.23112534,104.6067466,40.91695641,46.37202269
552,2,2,2,1,1,760.2448002,51.64263043,133.3677548,101.690724,117.0047198,40.94001707,46.40898234
553,2,2,2,1,1,759.6558022,51.46780199,134.6442935,94.48583068,114.8823956,40.59727055,46.39402115
554,2,2,2,1,1,750.4647715,53.59460044,132.7136038,100.8901431,120.9380607,40.47996603,46.36347071
555,2,2,2,1,1,757.0217003,55.29135292,135.7292616,102.5257049,118.0905298,40.59253437,46.34226932
556,2,2,2,1,1,745.3100567,54.62372995,135.0890901,96.72888483,111.0906286,40.65463413,46.4009191
557,2,2,2,1,1,753.2600804,52.87289784,132.8007529,100.6222639,120.5878395,40.66931661,46.4238134
558,2,2,2,1,1,751.7329647,51.12596105,137.5667713,94.23763136,106.8831062,40.74401095,46.37925772
559,2,2,2,1,1,747.7610668,50.83449586,139.7635782,97.9069395,124.9555175,40.19908431,46.39672893
560,2,2,2,1,1,752.6699091,52.01805755,135.4843275,103.1689803,108.9875978,40.64389531,46.4839843
561,2,2,1,2,1,298.8091298,50.31828474,95.44534501,66.2215877,78.85145331,58.68594708,46.02434169
562,2,2,1,2,1,290.1164549,50.34155043,101.2814506,68.4590805,74.09325857,58.69477802,45.99701098
563,2,2,1,2,1,290.4390921,50.47982578,99.26507244,67.89531413,74.03857175,58.68908064,46.01787511
564,2,2,1,2,1,292.2182503,50.0913119,101.1605529,68.7998438,75.0543221,58.72395261,46.0428585
565,2,2,1,2,1,291.3749777,50.5404205,102.9263668,64.4775681,73.76527825,58.73615818,46.02415097
566,2,2,1,2,1,285.3685982,51.4615344,99.86584759,69.6309265,76.77795032,58.72608307,46.04356867
567,2,2,1,2,1,288.4980262,51.21125945,102.52048,70.64783547,74.23614686,58.61923762,46.11047515
568,2,2,1,2,1,289.3199279,50.37315399,100.7017017,65.87425092,83.6510694,58.57806483,46.04973203
569,2,2,1,2,1,286.7729872,51.80253285,103.4812506,70.83341553,77.16769705,58.58173571,46.02418387
570,2,2,1,2,1,295.1066714,51.6558108,103.1711286,63.4466636,81.76546708,58.69897724,46.08560176
571,2,2,1,2,1,293.3804004,51.618079,106.9091049,66.34370926,75.73102789,58.48361598,46.0799802
572,2,2,1,2,1,292.6968478,50.89413639,106.7161047,72.00766295,91.14425762,58.70571498,46.10821279
573,2,2,1,2,1,295.9233176,52.14145927,106.1642548,69.09256203,82.32868829,58.51825467,46.14527136
574,2,2,1,2,1,290.6634409,50.06734833,110.5263488,78.81076924,81.74805439,58.528331,46.12384967
575,2,2,1,2,1,286.4988592,52.03115331,110.4889072,71.47947021,90.32652232,58.48875123,46.21192398
576,2,2,1,2,1,293.2522283,51.76028281,112.812548,72.95918778,84.19913034,58.40922523,46.17861227
577,2,2,1,2,1,289.4282672,51.11078209,114.0258562,79.73162256,86.63567378,58.56661295,46.13521179
578,2,2,1,2,1,290.7028714,50.19824799,115.4928704,80.62746513,88.59301926,58.50221704,46.20664025
579,2,2,1,2,1,288.055972,52.50722336,113.5595113,78.6718175,92.60906476,58.41121551,46.21476855
580,2,2,1,2,1,291.8881451,51.98593095,116.3048455,83.43057787,96.3587695,58.30831432,46.14518056
581,2,2,1,2,1,294.3356951,54.51574295,114.9439081,87.39223451,94.77595347,58.41264308,46.20583764
582,2,2,1,2,1,292.1657133,51.35495107,118.7874833,85.99936599,102.5726943,58.44907963,46.21612624
583,2,2,1,2,1,288.242286,54.42594949,119.9630218,82.12884593,97.91598241,58.42191387,46.23949833
584,2,2,1,2,1,290.0838102,51.19412224,118.6655134,81.54273467,98.93784771,58.29758672,46.21024731
585,2,2,1,2,1,293.1632889,55.18025686,117.9863437,75.60642913,103.8550751,58.37143837,46.24099274
586,2,2,1,2,1,286.126078,50.16188129,118.6968771,86.30927692,97.29184194,58.19502775,46.25995501
587,2,2,1,2,1,284.3040486,51.88829476,121.252999,85.9084476,98.025083,58.23647893,46.25373598
588,2,2,1,2,1,289.7006434,54.95651657,119.0327892,80.9724563,101.5042684,58.33643378,46.21863527
589,2,2,1,2,1,280.702648,54.02431533,118.5001708,77.83451489,96.7896109,58.20829809,46.2998936
590,2,2,1,2,1,289.3727376,54.77048789,122.1967015,91.22467213,102.0769622,58.2927164,46.19649929
591,2,2,1,2,1,291.74936,54.55407088,121.9112846,87.74686666,103.865977,58.30504474,46.23123806
592,2,2,1,2,1,292.0239616,50.50695034,121.7159415,79.16963213,103.0375647,58.2987209,46.30924845
593,2,2,1,2,1,284.5948262,50.03412777,123.4892001,82.13164596,96.84898062,58.36244264,46.21210062
594,2,2,1,2,1,280.4838889,55.71313199,124.976552,88.0882978,96.01646056,58.30129279,46.29602051
595,2,2,1,2,1,280.5968679,55.8819293,126.8086447,83.21707681,97.29287795,58.32628338,46.28740797
596,2,2,1,2,1,280.3903699,50.39865072,123.7968546,92.26968384,102.5751961,58.0777624,46.25212436
597,2,2,1,2,1,279.6995138,51.48911114,124.8402858,87.77441711,101.6640673,58.26846395,46.2823704
598,2,2,1,2,1,285.2908393,52.73951964,126.0838525,85.67354557,104.5704686,58.20177039,46.32501658
599,2,2,1,2,1,276.9130386,52.4743994,127.8792808,94.30100525,104.8900217,58.2008395,46.34647938
600,2,2,1,2,1,281.4959987,54.88369217,129.2760777,91.43533743,114.270094,58.26263471,46.32803699
601,2,2,1,1,1,1225.510924,55.74036252,108.4677328,74.22049526,84.85313276,58.53009987,46.09016237
602,2,2,1,1,1,1229.905222,54.95135923,106.9309881,69.55620221,92.83567343,58.50716918,46.13630506
603,2,2,1,1,1,1226.35962,55.1510299,109.694577,76.2171922,87.13409344,58.47094707,46.12255339
604,2,2,1,1,1,1219.980467,55.4684668,111.3880481,72.63931905,93.03386264,58.46089548,46.10772304
605,2,2,1,1,1,1219.67153,56.50563243,112.1688685,68.55509142,83.14247362,58.52709634,46.09226609
606,2,2,1,1,1,1223.80579,55.52245477,110.6848819,78.98256399,81.95946783,58.51787597,46.11830251
607,2,2,1,1,1,1222.623057,55.72603917,113.6384013,71.80135325,86.93736009,58.45964159,46.14335694
608,2,2,1,1,1,1219.907377,56.71736941,114.9093586,77.76345438,85.69903398,58.3785032,46.18626131
609,2,2,1,1,1,1216.62009,56.88382498,115.3301157,78.45875176,93.59936135,58.51294966,46.24230971
610,2,2,1,1,1,1220.639626,56.25316665,112.982522,77.10712336,95.11361439,58.38823678,46.14650134
611,2,2,1,1,1,1216.951769,57.38042289,116.4721215,84.51402989,97.00072436,58.38205201,46.15180737
612,2,2,1,1,1,1212.308012,55.02032448,117.0248253,75.11646999,93.40776471,58.41763965,46.2654342
613,2,2,1,1,1,1212.818138,56.51249627,119.7626671,81.99714072,98.49270686,58.27542657,46.20991325
614,2,2,1,1,1,1209.674346,55.51126959,118.3831305,84.11339217,98.21553642,58.39829488,46.22155585
615,2,2,1,1,1,1210.468676,57.008382,120.5253098,85.85461973,94.95376014,58.37548123,46.2650539
616,2,2,1,1,1,1207.416956,57.11486501,116.9565995,82.30755133,87.93792618,58.28872563,46.28135595
617,2,2,1,1,1,1212.601261,56.68596389,117.3202436,82.13787314,91.56395106,58.31072342,46.26638508
618,2,2,1,1,1,1207.352293,55.50496864,118.5030734,81.00978525,102.1409306,58.34845942,46.32069528
619,2,2,1,1,1,1211.356428,57.04137449,121.3731455,88.68129236,106.6545819,58.212424,46.24724892
620,2,2,1,1,1,1207.523496,57.993824,119.964672,83.98320975,96.10330764,58.40044517,46.27592546
621,2,2,1,1,1,1205.741223,57.98397477,122.0238264,84.29299114,99.6200469,58.45754817,46.30028575
622,2,2,1,1,1,1206.052734,57.66518963,125.3174247,82.68836406,104.7049626,58.18513964,46.25769302
623,2,2,1,1,1,1200.30621,56.63797729,121.5884909,88.28041292,99.31120239,58.29383561,46.27570652
624,2,2,1,1,1,1193.949398,58.99141236,121.4768519,88.10382551,106.215803,58.16398769,46.28350067
625,2,2,1,1,1,1194.068883,56.98817297,126.2702137,88.68859746,103.7430369,58.29672104,46.31395486
626,2,2,1,1,1,1192.860391,59.17464628,122.7041925,81.40222531,104.6423818,58.15375152,46.34462988
627,2,2,1,1,1,1196.65127,57.41918639,124.7357152,89.87327481,107.8126431,58.21044258,46.38152169
628,2,2,1,1,1,1198.118288,59.46100454,127.8302689,94.40054727,100.5376972,58.2053739,46.33554272
629,2,2,1,1,1,1200.578391,55.54639512,127.2345613,95.06668774,103.6079672,58.24199977,46.26547765
630,2,2,1,1,1,1190.942626,56.89526292,126.4356,96.00525592,108.3364977,58.15483366,46.36735773
631,2,2,1,1,1,1187.380377,58.0399141,133.0272662,96.10474749,108.4819598,58.07603959,46.38412708
632,2,2,1,1,1,1190.633407,56.27235334,133.592096,90.71599787,111.2940594,58.00122491,46.40056746
633,2,2,1,1,1,1196.666203,60.5489743,132.3382653,95.27144113,108.085682,58.0134924,46.34548663
634,2,2,1,1,1,1190.286229,60.8541068,133.5949581,96.24851781,113.5681361,58.08607329,46.35920195
635,2,2,1,1,1,1182.314814,61.14147029,134.2457933,96.81425543,115.4487093,58.12697395,46.42936861
636,2,2,1,1,1,1192.27389,60.7932553,134.7479372,93.3400887,115.8649499,57.98624166,46.4056191
637,2,2,1,1,1,1184.176953,60.84372835,137.434417,100.0969582,113.0085562,58.17335771,46.36882198
638,2,2,1,1,1,1192.756705,55.65976741,137.140161,96.98529283,117.7757406,57.9716264,46.47379469
639,2,2,1,1,1,1188.41089,55.24300621,134.9036115,104.5945091,111.8911376,57.90056604,46.40610311
640,2,2,1,1,1,1190.712544,59.1259553,136.0851743,103.1199971,112.704041,57.97319726,46.40058139
641,1,2,1,1,1,1228.25512,63.3741275,109.2796788,70.52607432,82.00828136,58.5697279,46.14641837
642,1,2,1,1,1,1221.735399,63.23991167,107.78413,68.58091172,80.73716054,58.42564999,46.11583466
643,1,2,1,1,1,1217.9145,63.90485146,108.1836148,73.37310978,87.09716848,58.62443042,46.16850496
644,1,2,1,1,1,1224.007022,63.57902202,107.529024,69.19542674,83.28748539,58.41030557,46.16548343
645,1,2,1,1,1,1226.20758,63.98788365,108.6499859,75.99997089,85.32045914,58.47272616,46.14855474
646,1,2,1,1,1,1215.124808,63.62335143,109.5987722,68.53262264,88.09556329,58.36722298,46.22106033
647,1,2,1,1,1,1217.416925,63.51734169,112.2950118,78.05882146,86.47808771,58.49771977,46.12661553
648,1,2,1,1,1,1211.278282,63.93713263,114.6933562,73.70222338,99.13547094,58.4169177,46.17337736
649,1,2,1,1,1,1221.210827,63.62202465,114.3197582,78.46442499,90.70673064,58.32275958,46.17334361
650,1,2,1,1,1,1218.358055,64.88239311,112.5550342,74.05013822,97.3730014,58.34314399,46.15747057
651,1,2,1,1,1,1210.116676,63.15760225,113.4298388,83.6232497,96.32602182,58.34612066,46.25837926
652,1,2,1,1,1,1220.537357,63.30190888,117.560644,84.25333395,94.0538012,58.50851769,46.16051495
653,1,2,1,1,1,1214.484438,64.82518936,118.6612085,83.25002221,100.4447678,58.27184729,46.2137694
654,1,2,1,1,1,1204.70113,64.67702606,120.4654995,86.8211521,99.55124962,58.42037847,46.20267229
655,1,2,1,1,1,1216.117798,66.10116743,121.1429732,89.19448866,98.59661996,58.32134698,46.22857138
656,1,2,1,1,1,1210.90083,63.85181903,119.6452177,88.96863871,99.91128622,58.43732718,46.265935
657,1,2,1,1,1,1212.298537,64.18779374,123.5595118,89.96587081,94.12926718,58.16039591,46.28341026
658,1,2,1,1,1,1209.759849,65.06971387,122.8786515,89.04122248,101.4065547,58.33981641,46.25611262
659,1,2,1,1,1,1202.273451,66.71780276,125.5536181,87.73549007,98.22858915,58.22112217,46.23826999
660,1,2,1,1,1,1203.519037,67.31065447,123.696251,91.22027905,106.1543453,58.23249506,46.29829142
661,1,2,1,1,1,1198.224656,63.31100126,125.4920318,93.56790837,100.6728599,58.30005584,46.28376749
662,1,2,1,1,1,1207.121055,65.54454861,130.6538411,91.73791126,99.63053108,58.27491283,46.37649761
663,1,2,1,1,1,1198.481988,67.64955799,131.3710975,99.28296809,108.7429113,58.03225632,46.35509604
664,1,2,1,1,1,1201.815591,63.1041507,130.4493765,94.88346877,108.9700456,58.05914775,46.38721792
665,1,2,1,1,1,1201.181182,67.32218684,130.4957465,92.57463487,119.2408006,58.11183712,46.34762604
666,1,2,1,1,1,1204.604083,68.36036938,133.9622214,89.8675184,109.626933,57.90052759,46.41994717
667,1,2,1,1,1,1207.504172,67.89221911,132.2996254,97.92151672,111.3498815,58.07743615,46.41440981
668,1,2,1,1,1,1202.836774,63.6481219,133.8444051,95.03811758,108.4947258,58.10869249,46.36100434
669,1,2,1,1,1,1192.847982,67.89216313,137.8475152,101.898996,115.6400051,57.96354162,46.36501052
670,1,2,1,1,1,1190.84204,66.8835264,137.324933,96.49283552,110.3693382,58.01464332,46.41205986
671,1,2,1,1,1,1198.391177,66.23160017,136.7538862,104.6762031,119.9315407,58.02977629,46.44708558
672,1,2,1,1,1,1193.10839,65.92751838,140.2621044,107.5212196,126.1064298,58.01549823,46.47688858
673,1,2,1,1,1,1188.07575,66.61051453,138.4630925,99.03967258,124.5650915,58.00982912,46.38906988
674,1,2,1,1,1,1196.325512,65.49486382,139.1920432,102.2274633,120.839914,57.90515724,46.51379897
675,1,2,1,1,1,1196.48394,64.6711764,140.256926,104.705607,120.828504,57.77078735,46.47137105
676,1,2,1,1,1,1194.390273,65.07096913,142.2938797,109.7299052,117.762962,57.91519657,46.47511319
677,1,2,1,1,1,1193.73992,63.46189756,144.8217262,107.5864315,120.3614296,57.71462319,46.47109621
678,1,2,1,1,1,1186.621522,71.08561059,142.6495013,104.6683106,117.2962034,57.74936552,46.49723201
679,1,2,1,1,1,1195.5209,69.80462936,146.5277535,101.0164179,120.8069995,57.91973124,46.44520709
680,1,2,1,1,1,1191.617992,64.14656956,147.4349865,104.0577121,130.3564988,57.85167233,46.49890659
681,2,1,1,1,1,1224.143309,55.90225404,117.9411633,86.36354431,100.0615978,52.36083652,46.2511138
682,2,1,1,1,1,1221.939062,54.91640906,121.7771785,77.10465035,97.51628912,52.16917483,46.26417783
683,2,1,1,1,1,1222.450837,55.86233022,119.3695747,85.05152849,100.4906611,52.1276778,46.27371186
684,2,1,1,1,1,1226.747468,54.86734649,121.8700876,83.03930726,106.9745415,52.31898416,46.21903147
685,2,1,1,1,1,1219.114956,56.06117347,123.681399,83.35998773,101.1382291,52.25606463,46.29626414
686,2,1,1,1,1,1217.934244,55.79704804,122.1989883,82.14355756,101.5155139,52.3568805,46.28070883
687,2,1,1,1,1,1212.756731,55.30502843,124.8272948,91.01490664,102.532339,52.19786834,46.31019064
688,2,1,1,1,1,1220.330657,55.90893902,125.6063121,92.65363576,104.7496619,52.09052058,46.3271043
689,2,1,1,1,1,1218.206049,55.83731616,126.1869034,87.86349,112.5432224,52.27610421,46.28715445
690,2,1,1,1,1,1211.517555,57.47358673,129.264048,93.59135366,110.7036773,52.22503762,46.32086997
691,2,1,1,1,1,1217.632182,55.38704877,128.7030297,86.07965235,103.2836844,52.00199703,46.3093467
692,2,1,1,1,1,1213.920841,56.99375476,126.8547481,89.71831772,113.1284947,52.09095583,46.36941566
693,2,1,1,1,1,1209.386609,57.48296434,131.7357479,93.80137494,113.6551424,51.97314156,46.29790879
694,2,1,1,1,1,1207.665918,57.26595343,131.2972549,99.11667687,113.8645558,51.99326816,46.38124673
695,2,1,1,1,1,1208.717177,56.91090036,129.3936042,91.39607351,113.7821103,51.98828921,46.35140046
696,2,1,1,1,1,1212.426666,55.07847679,132.6707563,88.89722566,106.5217799,52.10173061,46.37022984
697,2,1,1,1,1,1204.147857,55.4389299,135.5019113,94.73803201,105.4182578,51.98811499,46.43744639
698,2,1,1,1,1,1203.881766,58.78266506,135.9303322,94.2133697,116.6315337,52.01657929,46.35918691
699,2,1,1,1,1,1201.392978,58.86857292,135.4737184,97.78082228,117.0956053,52.01169464,46.40347968
700,2,1,1,1,1,1196.420113,54.84790743,133.1981415,92.21835335,110.468497,51.83723817,46.40524362
